position,A,C,D,E,F,G,H,I,K,L,M,N,P,Q,R,S,T,V,W,Y,-
1 ,0.013597448380057076,0.0,0.647809299983213,0.1720664764143025,0.0,0.0011750881316098707,0.00016786973308712439,0.0,0.0,0.0,0.0,0.01259022998153433,0.0,0.030720161154943762,0.00033573946617424877,0.0016786973308712439,0.00016786973308712439,0.0031895249286553636,0.0,0.0011750881316098707,0.11532650663085446
2 ,0.002518045996306866,0.0,0.0010072183985227463,0.0008393486654356219,0.0,0.00033573946617424877,0.0,0.8574785966090314,0.0,0.02417324156454591,0.0011750881316098707,0.0067147893234849754,0.002518045996306866,0.0016786973308712439,0.0,0.0015108275977841195,0.009232835319791842,0.05724357898270942,0.0,0.00033573946617424877,0.03323820715125063
3 ,0.0016786973308712439,0.0,0.0010072183985227463,0.0206479771697163,0.00033573946617424877,0.0010072183985227463,0.0008393486654356219,0.0031895249286553636,0.004868222259526607,0.06546919590397851,0.005203961725700856,0.0,0.0,0.36024844720496896,0.008561356387443344,0.0,0.003861003861003861,0.5020983716635891,0.0035252643948296123,0.0,0.017458452241060938
4 ,0.0008393486654356219,0.0,0.0,0.0,0.0,0.0,0.0,0.004196743327178109,0.0,0.3824072519724694,0.5907335907335908,0.0,0.0,0.0008393486654356219,0.0,0.0006714789323484975,0.0,0.008729226120530469,0.0,0.0,0.011583011583011582
5 ,0.00016786973308712439,0.0,0.0,0.0,0.0,0.0,0.0,0.0023501762632197414,0.0,0.0006714789323484975,0.004868222259526607,0.0028537854624811148,0.0,0.00033573946617424877,0.0,0.02669128756085278,0.956689608863522,0.00016786973308712439,0.0,0.0,0.005203961725700856
6 ,0.0,0.0,0.0,0.0,0.0,0.0,0.0,0.0,0.0,0.00016786973308712439,0.0,0.0,0.0,0.993285210676515,0.00016786973308712439,0.00016786973308712439,0.0016786973308712439,0.0,0.0,0.0,0.004532482793352359
7 ,0.0067147893234849754,0.0,0.0006714789323484975,0.0,0.0011750881316098707,0.0,0.0,0.0031895249286553636,0.0,0.00033573946617424877,0.0,0.0005036091992613732,0.0011750881316098707,0.0020144367970454926,0.0008393486654356219,0.8848413631022327,0.09417492026187678,0.0005036091992613732,0.0,0.0,0.003861003861003861
8 ,0.006211180124223602,0.0,0.0,0.0006714789323484975,0.0,0.00016786973308712439,0.008897095853617592,0.0,0.0005036091992613732,0.0,0.0,0.0,0.9283196239717979,0.01410105757931845,0.0,0.005036091992613732,0.02434111129763304,0.00016786973308712439,0.0,0.0,0.011583011583011582
9 ,0.241564545912372,0.0,0.03709921101225449,0.0011750881316098707,0.0043646130602652345,0.11062615410441497,0.0008393486654356219,0.002518045996306866,0.03693134127916737,0.0757092496222931,0.0,0.0,0.015611885177102568,0.00016786973308712439,0.0015108275977841195,0.4356219573610878,0.007722007722007722,0.02635554809467853,0.0,0.0,0.0021823065301326172
10 ,0.003021655195568239,0.0,0.0,0.0,0.05388618432096693,0.0,0.0,0.09786805438979353,0.00016786973308712439,0.004700352526439483,0.0,0.00033573946617424877,0.0010072183985227463,0.0,0.0,0.5903978512674165,0.23921436964915227,0.0005036091992613732,0.0,0.006211180124223602,0.00268591572939399
11 ,0.0005036091992613732,0.0,0.0,0.0,0.005036091992613732,0.0,0.0,0.0020144367970454926,0.0,0.8200436461306027,0.1107940238375021,0.00268591572939399,0.00033573946617424877,0.01410105757931845,0.00016786973308712439,0.0028537854624811148,0.00268591572939399,0.03625986234681887,0.0,0.0,0.002518045996306866
12 ,0.11331206983380897,0.0,0.0,0.0043646130602652345,0.0011750881316098707,0.0015108275977841195,0.0,0.0,0.0,0.0020144367970454926,0.0,0.0,0.07352694309216048,0.0,0.0,0.7831123048514352,0.008393486654356219,0.003861003861003861,0.00033573946617424877,0.004700352526439483,0.0036931341279167365
13 ,0.4586201107940238,0.0,0.0,0.006211180124223602,0.0,0.0020144367970454926,0.0,0.001342957864696995,0.0,0.1562867215041128,0.013093839180795703,0.0,0.00033573946617424877,0.00033573946617424877,0.0,0.0,0.032734597951989255,0.3248279335235857,0.0,0.0,0.004196743327178109
14 ,0.032734597951989255,0.0,0.0006714789323484975,0.0,0.005875440658049354,0.00033573946617424877,0.0,0.00033573946617424877,0.0,0.0006714789323484975,0.0,0.0018465670639583682,0.007889877455094847,0.0,0.001342957864696995,0.8626825583347323,0.08091321134799395,0.00016786973308712439,0.0,0.00016786973308712439,0.0043646130602652345
15 ,0.02534832969615578,0.0,0.0011750881316098707,0.00033573946617424877,0.0006714789323484975,0.0016786973308712439,0.0,0.015611885177102568,0.0,0.1980862850428068,0.0,0.00016786973308712439,0.34144703709921104,0.00016786973308712439,0.00033573946617424877,0.0015108275977841195,0.003861003861003861,0.40540540540540543,0.0,0.0,0.004196743327178109
16 ,0.0006714789323484975,0.00033573946617424877,0.00016786973308712439,0.0008393486654356219,0.0,0.9843881148228975,0.0,0.0,0.007386268255833473,0.0,0.0,0.0,0.0,0.0005036091992613732,0.001342957864696995,0.0,0.0,0.0,0.00016786973308712439,0.0,0.004196743327178109
17 ,0.0016786973308712439,0.0,0.46818868557998994,0.4158133288568071,0.0,0.024676850763807285,0.0006714789323484975,0.00033573946617424877,0.00033573946617424877,0.0,0.00016786973308712439,0.007050528789659225,0.0,0.07419842202450898,0.0,0.0008393486654356219,0.0016786973308712439,0.00033573946617424877,0.0,0.0,0.004028873594090985
18 ,0.0028537854624811148,0.0,0.0,0.0011750881316098707,0.0,0.0036931341279167365,0.0,0.0006714789323484975,0.11112976330367634,0.00016786973308712439,0.00033573946617424877,0.00016786973308712439,0.04549269766661071,0.035084774215208996,0.678697330871244,0.027362766493201275,0.09048178613396005,0.0,0.0,0.0,0.00268591572939399
19 ,0.34228638576464665,0.0,0.0,0.0,0.0,0.0006714789323484975,0.0,0.01611549437636394,0.0,0.0008393486654356219,0.0,0.0,0.00016786973308712439,0.0,0.0,0.0,0.0011750881316098707,0.6365620278663757,0.0,0.0,0.0021823065301326172
20 ,0.0021823065301326172,0.0,0.0006714789323484975,0.0,0.0,0.0,0.0,0.011583011583011582,0.00033573946617424877,0.0,0.0,0.0018465670639583682,0.0,0.0,0.0028537854624811148,0.1932180627832802,0.7859660903139164,0.0,0.0,0.0,0.001342957864696995
21 ,0.0006714789323484975,0.0,0.0,0.0,0.03676347154608024,0.0,0.0,0.6335403726708074,0.0,0.22595266073526943,0.08930669800235018,0.0,0.00016786973308712439,0.0,0.0,0.00016786973308712439,0.00016786973308712439,0.012086620782272956,0.0,0.0,0.0011750881316098707
22 ,0.0018465670639583682,0.0,0.0,0.0008393486654356219,0.004868222259526607,0.0,0.00033573946617424877,0.0020144367970454926,0.00956857478596609,0.0010072183985227463,0.0,0.04700352526439483,0.00033573946617424877,0.0,0.0035252643948296123,0.4414973980191372,0.48531139835487663,0.0006714789323484975,0.0,0.0,0.0011750881316098707
23 ,0.0,0.9983213026691288,0.0,0.0,0.0,0.0,0.0,0.0,0.0,0.0,0.0,0.0,0.0,0.0,0.0,0.0,0.0,0.00016786973308712439,0.0,0.00033573946617424877,0.0011750881316098707
24 ,0.0008393486654356219,0.0,0.0,0.0006714789323484975,0.0,0.0028537854624811148,0.017458452241060938,0.0031895249286553636,0.16065133456437805,0.0015108275977841195,0.0005036091992613732,0.0,0.0,0.07033741816350512,0.673493369145543,0.06009736444519053,0.0057075709249622296,0.00016786973308712439,0.001342957864696995,0.0,0.0011750881316098707
25 ,0.7968776229645795,0.0016786973308712439,0.0,0.00016786973308712439,0.00016786973308712439,0.003021655195568239,0.0,0.0,0.0,0.00033573946617424877,0.00016786973308712439,0.00016786973308712439,0.0033573946617424877,0.00016786973308712439,0.0,0.16820547255329865,0.02266241396676179,0.0018465670639583682,0.0,0.0,0.0011750881316098707
26 ,0.0005036091992613732,0.0,0.00033573946617424877,0.00016786973308712439,0.0,0.005036091992613732,0.0005036091992613732,0.0008393486654356219,0.0,0.0,0.0,0.004868222259526607,0.0,0.00016786973308712439,0.0021823065301326172,0.9686083599127078,0.011750881316098707,0.002518045996306866,0.0,0.0,0.002518045996306866
27 ,0.0,0.0,0.0,0.0,0.0,0.0,0.0,0.0,0.0,0.0,0.0,0.0,0.0,0.0010072183985227463,0.0,0.0,0.0,0.0,0.0,0.0,0.9989927816014773
28 ,0.0,0.0,0.0,0.0,0.0,0.0,0.0,0.0,0.0,0.0,0.0,0.0,0.0,0.0,0.0,0.0010072183985227463,0.0,0.0,0.0,0.0,0.9989927816014773
29 ,0.0011750881316098707,0.0,0.00268591572939399,0.07587711935538022,0.0,0.014940406244754071,0.006043310391136478,0.0,0.02534832969615578,0.0008393486654356219,0.00016786973308712439,0.0,0.00033573946617424877,0.7822729561859997,0.005036091992613732,0.07302333389289911,0.0036931341279167365,0.0016786973308712439,0.0,0.0010072183985227463,0.005875440658049354
30 ,0.003021655195568239,0.0,0.14302501259022998,0.00537183145878798,0.004532482793352359,0.0908175256001343,0.003021655195568239,0.007050528789659225,0.0008393486654356219,0.0010072183985227463,0.00016786973308712439,0.0757092496222931,0.0010072183985227463,0.0010072183985227463,0.012925969447708578,0.6019808628504281,0.028369984891724022,0.0028537854624811148,0.0010072183985227463,0.014604666778579823,0.0016786973308712439
31 ,0.004868222259526607,0.0,0.00016786973308712439,0.0,0.0035252643948296123,0.010575793184488837,0.0,0.4451905321470539,0.00016786973308712439,0.11851603155950982,0.0010072183985227463,0.0008393486654356219,0.0,0.0,0.0011750881316098707,0.0016786973308712439,0.0005036091992613732,0.40540540540540543,0.00016786973308712439,0.005036091992613732,0.0011750881316098707
32 ,0.008225616921269096,0.0006714789323484975,0.06446197750545576,0.007050528789659225,0.007554137988920598,0.11163337250293771,0.016786973308712438,0.010575793184488837,0.0057075709249622296,0.10710088970958537,0.0005036091992613732,0.06311901964075878,0.006379049857310727,0.0008393486654356219,0.04532482793352358,0.43041799563538696,0.018465670639583685,0.0488500923283532,0.001342957864696995,0.027362766493201275,0.01762632197414806
33 ,0.0043646130602652345,0.0,0.007722007722007722,0.0010072183985227463,0.005203961725700856,0.007218398522746349,0.06597280510323988,0.0035252643948296123,0.002518045996306866,0.0023501762632197414,0.00016786973308712439,0.05103239885848582,0.0010072183985227463,0.0010072183985227463,0.011079402383750209,0.10961893570589223,0.01225449051536008,0.0,0.0,0.06311901964075878,0.6508309551787813
34 ,0.0011750881316098707,0.0,0.011415141849924459,0.0011750881316098707,0.0035252643948296123,0.003021655195568239,0.00016786973308712439,0.0015108275977841195,0.0011750881316098707,0.001342957864696995,0.00016786973308712439,0.005036091992613732,0.0,0.0,0.008225616921269096,0.15242571764310894,0.0055397011918751045,0.0005036091992613732,0.0,0.023669632365284538,0.7799227799227799
35 ,0.0020144367970454926,0.0,0.02299815343293604,0.0,0.0,0.009400705052878966,0.0,0.0023501762632197414,0.0,0.00033573946617424877,0.0,0.06177606177606178,0.0011750881316098707,0.0,0.013765318113144201,0.03760282021151586,0.0035252643948296123,0.00016786973308712439,0.0,0.00268591572939399,0.8422024508981031
36 ,0.00016786973308712439,0.0,0.0015108275977841195,0.0,0.00033573946617424877,0.00016786973308712439,0.0,0.004868222259526607,0.00033573946617424877,0.0,0.0,0.04767500419674333,0.0,0.0,0.0006714789323484975,0.00033573946617424877,0.012422360248447204,0.0,0.0008393486654356219,0.0,0.9306698002350177
36A,0.0,0.0,0.0,0.0,0.0,0.0,0.0,0.0,0.0,0.0,0.0,0.0,0.0,0.0,0.00016786973308712439,0.0,0.0,0.0,0.0,0.0,0.9998321302669129
36B,0.0,0.0,0.0,0.0,0.0,0.0,0.0,0.0,0.0,0.00016786973308712439,0.0,0.0,0.0,0.0,0.0,0.0,0.0,0.0,0.0,0.0,0.9998321302669129
37 ,0.0016786973308712439,0.0,0.001342957864696995,0.00268591572939399,0.0,0.13328856807117676,0.0011750881316098707,0.0031895249286553636,0.0006714789323484975,0.0,0.0,0.02266241396676179,0.0,0.028705724357898272,0.01410105757931845,0.006379049857310727,0.0016786973308712439,0.0015108275977841195,0.0,0.0005036091992613732,0.7804263891220413
38 ,0.0015108275977841195,0.0,0.017458452241060938,0.0010072183985227463,0.0016786973308712439,0.0005036091992613732,0.006546919590397851,0.015947624643276818,0.07587711935538022,0.0,0.0010072183985227463,0.056068490851099544,0.0,0.00033573946617424877,0.0031895249286553636,0.005875440658049354,0.003021655195568239,0.00033573946617424877,0.00033573946617424877,0.03323820715125063,0.7760617760617761
39 ,0.0035252643948296123,0.0,0.019640758771193555,0.00016786973308712439,0.0043646130602652345,0.015947624643276818,0.0020144367970454926,0.011918751049185832,0.03407755581668625,0.0018465670639583682,0.00033573946617424877,0.2511331206983381,0.0018465670639583682,0.002518045996306866,0.011750881316098707,0.3545408762800067,0.1969111969111969,0.004028873594090985,0.0006714789323484975,0.005203961725700856,0.07755581668625147
40 ,0.0825919086788652,0.0005036091992613732,0.049689440993788817,0.0028537854624811148,0.06563706563706563,0.004532482793352359,0.014436797045492698,0.0011750881316098707,0.006546919590397851,0.005203961725700856,0.0,0.08443847574282357,0.0008393486654356219,0.0018465670639583682,0.011415141849924459,0.04079234514017123,0.0033573946617424877,0.0011750881316098707,0.05808292764814504,0.5553130770522074,0.00956857478596609
41 ,0.0005036091992613732,0.00016786973308712439,0.0,0.0,0.006043310391136478,0.0,0.0,0.08611717307369482,0.00016786973308712439,0.6916233003189525,0.08662078227295619,0.0,0.0,0.0,0.0,0.00033573946617424877,0.0020144367970454926,0.12539869061608191,0.0,0.0,0.0010072183985227463
42 ,0.47439986570421355,0.0008393486654356219,0.021655195568239048,0.02786637569246265,0.003021655195568239,0.030216551955682392,0.1609870740305523,0.007218398522746349,0.00033573946617424877,0.0,0.0,0.18113144200100723,0.0,0.004700352526439483,0.0,0.03844216887695148,0.019472889038106428,0.007050528789659225,0.0,0.021655195568239048,0.0010072183985227463
43 ,0.0,0.0,0.0,0.0,0.0005036091992613732,0.0,0.0,0.0,0.0,0.0,0.0,0.0,0.0,0.0,0.0,0.0,0.0,0.0,0.9984891724022159,0.0,0.0010072183985227463
44 ,0.0,0.0005036091992613732,0.0,0.0,0.05724357898270942,0.0,0.0016786973308712439,0.00016786973308712439,0.0,0.03458116501594762,0.0,0.0005036091992613732,0.0,0.0,0.0,0.00033573946617424877,0.0,0.00016786973308712439,0.0,0.9038106429410777,0.0010072183985227463
45 ,0.0,0.0,0.0,0.0008393486654356219,0.0005036091992613732,0.0,0.006043310391136478,0.0,0.00033573946617424877,0.07889877455094846,0.00033573946617424877,0.0,0.0,0.9021319456102065,0.006043310391136478,0.0008393486654356219,0.0,0.0023501762632197414,0.0,0.0005036091992613732,0.0011750881316098707
46 ,0.0008393486654356219,0.0,0.0008393486654356219,0.0057075709249622296,0.0010072183985227463,0.0,0.022326674500587545,0.0,0.007722007722007722,0.004532482793352359,0.0,0.0,0.0,0.9513177774047339,0.003021655195568239,0.0,0.0,0.0006714789323484975,0.00016786973308712439,0.0005036091992613732,0.001342957864696995
47 ,0.0,0.0,0.0,0.0028537854624811148,0.0,0.0006714789323484975,0.0,0.0018465670639583682,0.8855128420345811,0.0,0.00016786973308712439,0.0015108275977841195,0.0,0.0020144367970454926,0.0956857478596609,0.0,0.008225616921269096,0.0,0.0,0.0,0.0015108275977841195
48 ,0.0068826590565721005,0.0,0.0,0.0,0.0006714789323484975,0.002518045996306866,0.0010072183985227463,0.0006714789323484975,0.0,0.005203961725700856,0.0,0.0,0.8410273627664931,0.02635554809467853,0.01074366291757596,0.06580493537015276,0.0344132952828605,0.00268591572939399,0.0,0.0,0.0020144367970454926
49 ,0.0,0.0,0.041799563538693976,0.009904314252140339,0.0,0.8915561524257176,0.015947624643276818,0.0,0.0,0.0,0.0,0.035084774215208996,0.0,0.00016786973308712439,0.001342957864696995,0.0008393486654356219,0.0,0.0,0.0006714789323484975,0.0,0.00268591572939399
50 ,0.006546919590397851,0.0010072183985227463,0.0020144367970454926,0.02400537183145879,0.0015108275977841195,0.06916233003189524,0.0010072183985227463,0.00033573946617424877,0.3565553130770522,0.0028537854624811148,0.0,0.009064965586704717,0.0,0.4549269766661071,0.01259022998153433,0.01796206144032231,0.03844216887695148,0.0,0.0,0.0,0.0020144367970454926
51 ,0.4811146550276985,0.0,0.0,0.0,0.0005036091992613732,0.006043310391136478,0.0,0.003021655195568239,0.0,0.0,0.0,0.00033573946617424877,0.10894745677354373,0.0010072183985227463,0.0031895249286553636,0.33825751217055566,0.03861003861003861,0.017458452241060938,0.0,0.0,0.0015108275977841195
52 ,0.0,0.0,0.0,0.0,0.015947624643276818,0.0,0.0,0.01074366291757596,0.0,0.002518045996306866,0.0,0.002518045996306866,0.9410777236864193,0.0,0.0,0.0,0.001342957864696995,0.02434111129763304,0.0,0.0,0.0015108275977841195
53 ,0.0005036091992613732,0.0,0.0006714789323484975,0.006043310391136478,0.0,0.0,0.0023501762632197414,0.0023501762632197414,0.6071848245761289,0.00033573946617424877,0.01611549437636394,0.013933187846231324,0.0,0.06849085109954675,0.2697666610710089,0.003861003861003861,0.006546919590397851,0.00033573946617424877,0.0,0.0,0.0015108275977841195
54 ,0.010911532650663086,0.0006714789323484975,0.0,0.0,0.0068826590565721005,0.019305019305019305,0.0008393486654356219,0.0020144367970454926,0.0010072183985227463,0.8509316770186336,0.0006714789323484975,0.00016786973308712439,0.018465670639583685,0.0010072183985227463,0.057579318448883664,0.0023501762632197414,0.006379049857310727,0.019808628504280678,0.0,0.0,0.0010072183985227463
55 ,0.0,0.00016786973308712439,0.0,0.0,0.0011750881316098707,0.0,0.0,0.0023501762632197414,0.0,0.9252979687762296,0.003021655195568239,0.0,0.0,0.0,0.00016786973308712439,0.0,0.0,0.010240053718314587,0.05657210005036092,0.0,0.0010072183985227463
56 ,0.0,0.0,0.0,0.0,0.001342957864696995,0.0,0.0,0.9471210340775558,0.0,0.007722007722007722,0.007554137988920598,0.0,0.0,0.0,0.0,0.0,0.0006714789323484975,0.03458116501594762,0.0,0.0,0.0010072183985227463
57 ,0.0,0.0,0.0,0.00016786973308712439,0.02031223770354205,0.0,0.0199764982373678,0.0006714789323484975,0.061272452576800404,0.0,0.0006714789323484975,0.0031895249286553636,0.0,0.0023501762632197414,0.0043646130602652345,0.033573946617424875,0.0005036091992613732,0.0,0.00033573946617424877,0.851603155950982,0.0010072183985227463
58 ,0.14957193218062784,0.0,0.13681383246600637,0.018969279838845055,0.012422360248447204,0.15796541883498405,0.003021655195568239,0.0005036091992613732,0.0681551116333725,0.05052878965922444,0.0008393486654356219,0.017794191707235184,0.0,0.0057075709249622296,0.03256672821890213,0.12153768675507806,0.009904314252140339,0.0035252643948296123,0.0736948128252476,0.13110626154104416,0.00537183145878798
59 ,0.00016786973308712439,0.0,0.0,0.0,0.0,0.0,0.0,0.0,0.0,0.0,0.0,0.0,0.0,0.0,0.0,0.0,0.0,0.0,0.0,0.0,0.9998321302669129
60 ,0.0,0.0,0.0,0.0,0.0,0.0,0.0,0.0,0.0,0.0,0.0,0.0,0.0,0.0,0.0,0.00016786973308712439,0.0,0.0,0.0,0.0,0.9998321302669129
61 ,0.0,0.0,0.0,0.0,0.0,0.0,0.0,0.0,0.0,0.0,0.0,0.0,0.0,0.0,0.0,0.0,0.0,0.0,0.0,0.0,1.0
62 ,0.0,0.0,0.0,0.0,0.0,0.0,0.0,0.0,0.0,0.0,0.0,0.0,0.0,0.0,0.0,0.0,0.0,0.0,0.0,0.0,1.0
63 ,0.0,0.0,0.0,0.0,0.0,0.0,0.0,0.0,0.0,0.0,0.0,0.0,0.0,0.0,0.0,0.0,0.0,0.0,0.0,0.0,1.0
64 ,0.0,0.0,0.0,0.0,0.0,0.0,0.0,0.0,0.0,0.0,0.0,0.0,0.0,0.0,0.0,0.0,0.0,0.0,0.0,0.0,1.0
65 ,0.00016786973308712439,0.0,0.0,0.0,0.0,0.0,0.0,0.0,0.0,0.0,0.0,0.0,0.0,0.0,0.0,0.0,0.0,0.0,0.0,0.0,0.9998321302669129
66 ,0.0,0.0,0.0,0.00016786973308712439,0.0,0.0,0.0,0.0,0.0,0.0,0.0,0.0,0.0,0.0,0.0,0.0,0.0,0.0,0.0,0.0,0.9998321302669129
67 ,0.6879301661910358,0.0,0.0006714789323484975,0.0,0.0,0.06462984723854288,0.0,0.006211180124223602,0.00016786973308712439,0.0006714789323484975,0.007050528789659225,0.0,0.0018465670639583682,0.00033573946617424877,0.0,0.012925969447708578,0.14470370992110124,0.066140674836327,0.0,0.0,0.0067147893234849754
68 ,0.0068826590565721005,0.0,0.002518045996306866,0.00016786973308712439,0.008729226120530469,0.00016786973308712439,0.0,0.0016786973308712439,0.015779754910189694,0.00033573946617424877,0.0,0.011583011583011582,0.0,0.0005036091992613732,0.0008393486654356219,0.8959207654859829,0.04448547926808796,0.0016786973308712439,0.0,0.0043646130602652345,0.0043646130602652345
69 ,0.007218398522746349,0.0,0.005875440658049354,0.03558838341447037,0.020983716635890548,0.0015108275977841195,0.007386268255833473,0.009400705052878966,0.052878965922444184,0.00268591572939399,0.00016786973308712439,0.29410777236864194,0.0,0.02518045996306866,0.041128084606345476,0.24257176431089475,0.21285882155447372,0.0005036091992613732,0.00016786973308712439,0.035756253147557496,0.004028873594090985
70 ,0.0031895249286553636,0.0,0.0,0.0,0.0005036091992613732,0.0018465670639583682,0.00033573946617424877,0.00033573946617424877,0.0023501762632197414,0.5324827933523586,0.003021655195568239,0.0008393486654356219,0.0011750881316098707,0.009904314252140339,0.3745173745173745,0.06026523417827766,0.00033573946617424877,0.004700352526439483,0.0005036091992613732,0.0,0.0036931341279167365
71 ,0.2984723854289072,0.0,0.02400537183145879,0.19237871411784455,0.04784287392983045,0.017458452241060938,0.043478260869565216,0.05724357898270942,0.008561356387443344,0.0055397011918751045,0.0031895249286553636,0.0031895249286553636,0.01074366291757596,0.13362430753735102,0.0055397011918751045,0.001342957864696995,0.021990935034413295,0.021655195568239048,0.0,0.10038610038610038,0.0033573946617424877
72 ,0.022326674500587545,0.0005036091992613732,0.041128084606345476,0.0068826590565721005,0.0033573946617424877,0.007554137988920598,0.0008393486654356219,0.00268591572939399,0.00016786973308712439,0.0006714789323484975,0.0,0.003021655195568239,0.018297800906496558,0.0,0.007554137988920598,0.6399194225281182,0.241564545912372,0.00016786973308712439,0.0,0.0010072183985227463,0.0023501762632197414
73 ,0.0043646130602652345,0.0,0.00537183145878798,0.0016786973308712439,0.0,0.9835487661574618,0.0,0.0,0.0,0.00016786973308712439,0.0,0.0,0.0,0.0,0.0006714789323484975,0.0015108275977841195,0.0006714789323484975,0.0,0.00016786973308712439,0.0,0.0018465670639583682
74 ,0.00268591572939399,0.0,0.0005036091992613732,0.0,0.005203961725700856,0.0011750881316098707,0.00016786973308712439,0.2304851435286218,0.0010072183985227463,0.0008393486654356219,0.00033573946617424877,0.0005036091992613732,0.0,0.0,0.0,0.0008393486654356219,0.004868222259526607,0.7497062279670975,0.0,0.00016786973308712439,0.0015108275977841195
75 ,0.007554137988920598,0.0,0.00016786973308712439,0.0,0.00016786973308712439,0.0005036091992613732,0.0,0.0,0.0,0.00016786973308712439,0.0,0.00016786973308712439,0.9756588887023669,0.0,0.00016786973308712439,0.013093839180795703,0.0011750881316098707,0.00016786973308712439,0.0,0.0,0.0010072183985227463
76 ,0.1452073191203626,0.0,0.3070337418163505,0.0033573946617424877,0.0010072183985227463,0.00537183145878798,0.0011750881316098707,0.00033573946617424877,0.007218398522746349,0.0006714789323484975,0.0,0.0018465670639583682,0.004028873594090985,0.00016786973308712439,0.0,0.49269766661071007,0.0016786973308712439,0.026523417827765655,0.0,0.0006714789323484975,0.0010072183985227463
77 ,0.0006714789323484975,0.0,0.0,0.0,0.0,0.0,0.0016786973308712439,0.0,0.0008393486654356219,0.00016786973308712439,0.00016786973308712439,0.0,0.0,0.0,0.994628168541212,0.00016786973308712439,0.00016786973308712439,0.0,0.0005036091992613732,0.0,0.0010072183985227463
78 ,0.0,0.0,0.0,0.0,0.9956353869397347,0.0,0.0,0.0005036091992613732,0.0,0.001342957864696995,0.0,0.0,0.0,0.0,0.0,0.0,0.0,0.001342957864696995,0.0,0.00016786973308712439,0.0010072183985227463
79 ,0.0011750881316098707,0.00033573946617424877,0.0,0.0,0.0,0.00016786973308712439,0.0,0.012758099714621454,0.009736444519053214,0.0,0.0016786973308712439,0.0021823065301326172,0.0,0.0,0.011415141849924459,0.8693973476582172,0.08477421520899782,0.00537183145878798,0.0,0.0,0.0010072183985227463
80 ,0.007386268255833473,0.0,0.00016786973308712439,0.0,0.0,0.9870740305522914,0.0,0.0,0.0,0.0,0.0,0.0,0.0,0.0,0.0,0.004196743327178109,0.0,0.00016786973308712439,0.0,0.0,0.0010072183985227463
81 ,0.00016786973308712439,0.0,0.0006714789323484975,0.0,0.00016786973308712439,0.01074366291757596,0.0006714789323484975,0.0,0.00033573946617424877,0.0,0.0,0.0005036091992613732,0.0,0.0,0.012086620782272956,0.9664260533825751,0.006546919590397851,0.0,0.0005036091992613732,0.00016786973308712439,0.0010072183985227463
82 ,0.007050528789659225,0.0,0.0005036091992613732,0.0031895249286553636,0.0006714789323484975,0.9145543058586537,0.0,0.0,0.0,0.0,0.0,0.0,0.0,0.00033573946617424877,0.07117676682894074,0.0,0.0015108275977841195,0.0,0.0,0.0,0.0010072183985227463
83 ,0.00805774718818197,0.00033573946617424877,0.0011750881316098707,0.0,0.006379049857310727,0.0008393486654356219,0.00016786973308712439,0.0,0.0,0.0,0.0,0.0006714789323484975,0.00033573946617424877,0.0,0.0,0.9607184824576129,0.0011750881316098707,0.00016786973308712439,0.008393486654356219,0.010072183985227464,0.0015108275977841195
84 ,0.007889877455094847,0.0,0.001342957864696995,0.004700352526439483,0.0,0.9669296625818365,0.0015108275977841195,0.0,0.00016786973308712439,0.0,0.0,0.00016786973308712439,0.0,0.0,0.011583011583011582,0.0,0.00268591572939399,0.00016786973308712439,0.0,0.0,0.0028537854624811148
85 ,0.0,0.0,0.0,0.0,0.0,0.0,0.0,0.0,0.0,0.0,0.0,0.0,0.0,0.0,0.0006714789323484975,0.0,0.0,0.0,0.0,0.0,0.9993285210676515
85A,0.0,0.0,0.0,0.0006714789323484975,0.0,0.0,0.0,0.0,0.0,0.0,0.0,0.0,0.0,0.0,0.0,0.0,0.0,0.0,0.0,0.0,0.9993285210676515
85B,0.0,0.0,0.0,0.0,0.0,0.0,0.0,0.0,0.0,0.0,0.0,0.0,0.0,0.0,0.0,0.0006714789323484975,0.0,0.0,0.0,0.0,0.9993285210676515
86 ,0.0006714789323484975,0.0,0.0,0.0,0.0,0.0,0.0,0.0,0.0,0.0,0.0,0.0,0.0,0.0,0.0,0.0,0.0,0.0,0.0,0.0,0.9993285210676515
87 ,0.026859157293939902,0.0,0.0,0.0006714789323484975,0.0,0.0,0.0,0.001342957864696995,0.007722007722007722,0.0,0.0011750881316098707,0.0015108275977841195,0.0055397011918751045,0.007722007722007722,0.009400705052878966,0.01410105757931845,0.9185831794527447,0.00016786973308712439,0.0,0.0,0.005203961725700856
88 ,0.006043310391136478,0.0,0.7639751552795031,0.10626154104414974,0.0016786973308712439,0.0018465670639583682,0.007554137988920598,0.0,0.0021823065301326172,0.0,0.0,0.003021655195568239,0.0,0.035756253147557496,0.0008393486654356219,0.061440322309887524,0.0018465670639583682,0.0020144367970454926,0.0,0.0031895249286553636,0.0023501762632197414
89 ,0.00033573946617424877,0.0,0.00016786973308712439,0.0,0.8175256001342958,0.0,0.0,0.0,0.0,0.0008393486654356219,0.0,0.0,0.0,0.0,0.0,0.0008393486654356219,0.00033573946617424877,0.0,0.0,0.17878126573778746,0.0011750881316098707
90 ,0.004532482793352359,0.0,0.00033573946617424877,0.0,0.0043646130602652345,0.0,0.0,0.0043646130602652345,0.00016786973308712439,0.0,0.0,0.007554137988920598,0.0,0.0,0.0,0.17475239214369648,0.7998992781601477,0.00268591572939399,0.0,0.00033573946617424877,0.0010072183985227463
91 ,0.0,0.0,0.0,0.0,0.0632868893738459,0.0,0.0,0.0006714789323484975,0.0,0.9340271948967601,0.0,0.0,0.0,0.0,0.0,0.00016786973308712439,0.00016786973308712439,0.0006714789323484975,0.0,0.0,0.0010072183985227463
92 ,0.0057075709249622296,0.0,0.0,0.001342957864696995,0.00016786973308712439,0.0,0.00033573946617424877,0.004868222259526607,0.10491858317945274,0.00033573946617424877,0.00016786973308712439,0.032063119019640755,0.0,0.0,0.010072183985227464,0.06278328017458452,0.7755581668625147,0.0006714789323484975,0.0,0.0,0.0010072183985227463
93 ,0.0,0.0,0.0,0.0,0.0011750881316098707,0.0,0.0,0.9911029041463824,0.0,0.0008393486654356219,0.0011750881316098707,0.0,0.0,0.0,0.0,0.0,0.0006714789323484975,0.004028873594090985,0.0,0.0,0.0010072183985227463
94 ,0.0010072183985227463,0.0,0.008225616921269096,0.0023501762632197414,0.0,0.011750881316098707,0.031055900621118012,0.0015108275977841195,0.0005036091992613732,0.0011750881316098707,0.0,0.1361423535336579,0.0,0.0005036091992613732,0.005203961725700856,0.7738794695316434,0.02434111129763304,0.0,0.0,0.0,0.0023501762632197414
95 ,0.00033573946617424877,0.0,0.007554137988920598,0.0005036091992613732,0.0,0.02333389289911029,0.00016786973308712439,0.0,0.005875440658049354,0.0,0.0,0.06731576296793688,0.04633204633204633,0.0,0.20127580997146213,0.6130602652341782,0.030384421688769515,0.0,0.00033573946617424877,0.0005036091992613732,0.003021655195568239
96 ,0.0011750881316098707,0.0,0.0,0.0,0.0006714789323484975,0.0,0.0,0.0016786973308712439,0.0,0.644955514520732,0.0619439315091489,0.0,0.00033573946617424877,0.0,0.0,0.0,0.0005036091992613732,0.28605002518045997,0.0,0.0,0.00268591572939399
97 ,0.002518045996306866,0.0,0.019472889038106428,0.4623132449219406,0.0,0.0011750881316098707,0.00268591572939399,0.0,0.015779754910189694,0.003021655195568239,0.0,0.0016786973308712439,0.0,0.48547926808796377,0.003021655195568239,0.0,0.0,0.00033573946617424877,0.0,0.0,0.002518045996306866
98 ,0.2628840020144368,0.013597448380057076,0.0015108275977841195,0.028537854624811145,0.0023501762632197414,0.00016786973308712439,0.0005036091992613732,0.0,0.0,0.0016786973308712439,0.0,0.0,0.4980694980694981,0.018129931173409435,0.008561356387443344,0.12825247607856302,0.027698505959375525,0.0015108275977841195,0.0,0.0036931341279167365,0.0028537854624811148
99 ,0.012925969447708578,0.0,0.07134463656202787,0.9044821218734262,0.0,0.007722007722007722,0.0,0.0,0.00016786973308712439,0.0,0.0,0.00016786973308712439,0.0,0.0,0.0,0.00033573946617424877,0.0,0.00033573946617424877,0.0,0.0,0.002518045996306866
100 ,0.00016786973308712439,0.0,0.9978176934698674,0.0,0.0,0.0,0.0,0.0,0.0,0.0,0.0,0.0,0.0,0.0,0.0,0.0,0.0,0.0,0.0,0.0,0.0020144367970454926
101 ,0.10172905825079738,0.0,0.0016786973308712439,0.0021823065301326172,0.4960550612724526,0.0015108275977841195,0.0,0.11448715796541883,0.0,0.12355212355212356,0.004532482793352359,0.0,0.00033573946617424877,0.0015108275977841195,0.0,0.011583011583011582,0.015779754910189694,0.1232163840859493,0.0,0.0,0.0018465670639583682
102 ,0.8317945274467013,0.0,0.0,0.0,0.0,0.15880476750041966,0.0,0.0,0.0,0.0,0.0,0.0,0.0,0.0,0.0,0.0015108275977841195,0.0006714789323484975,0.005875440658049354,0.0,0.0,0.001342957864696995
103 ,0.005875440658049354,0.0,0.0708410273627665,0.006379049857310727,0.0033573946617424877,0.0016786973308712439,0.0008393486654356219,0.03223098875272788,0.00033573946617424877,0.008561356387443344,0.028034245425549772,0.019808628504280678,0.0,0.00033573946617424877,0.00033573946617424877,0.02786637569246265,0.46281685412120194,0.3288568071176767,0.0,0.0,0.0018465670639583682
104 ,0.0,0.0,0.0,0.0,0.0067147893234849754,0.0,0.0,0.0,0.0,0.0,0.0,0.0,0.0,0.0,0.0,0.0,0.0,0.0,0.0,0.9922779922779923,0.0010072183985227463
105 ,0.00033573946617424877,0.0,0.0,0.0,0.13127413127413126,0.0,0.01410105757931845,0.0005036091992613732,0.0,0.00033573946617424877,0.0,0.0,0.0,0.0,0.0,0.0021823065301326172,0.0,0.0,0.0,0.8502601980862851,0.0010072183985227463
106 ,0.00016786973308712439,0.9988249118683902,0.0,0.0,0.0,0.0,0.0,0.0,0.0,0.0,0.0,0.0,0.0,0.0,0.0,0.0,0.0,0.0,0.0,0.0,0.0010072183985227463
107 ,0.005203961725700856,0.0,0.00033573946617424877,0.0008393486654356219,0.030216551955682392,0.011079402383750209,0.028705724357898272,0.00033573946617424877,0.012758099714621454,0.05690783951653517,0.03223098875272788,0.0,0.0,0.7790834312573442,0.0010072183985227463,0.013429578646969951,0.0015108275977841195,0.017794191707235184,0.006379049857310727,0.0011750881316098707,0.0010072183985227463
108 ,0.0010072183985227463,0.0011750881316098707,0.00016786973308712439,0.004196743327178109,0.0,0.00805774718818197,0.06563706563706563,0.00033573946617424877,0.0055397011918751045,0.0018465670639583682,0.0,0.012758099714621454,0.0,0.8787980527110962,0.0055397011918751045,0.005036091992613732,0.0005036091992613732,0.004700352526439483,0.0,0.0035252643948296123,0.0011750881316098707
109 ,0.04163169380560685,0.0016786973308712439,0.018465670639583685,0.0031895249286553636,0.04700352526439483,0.09686083599127078,0.07486990095685749,0.006043310391136478,0.0005036091992613732,0.023166023166023165,0.0011750881316098707,0.02669128756085278,0.0015108275977841195,0.001342957864696995,0.02518045996306866,0.20530468356555312,0.022830283699848918,0.0036931341279167365,0.0468356555313077,0.35084774215208997,0.0011750881316098707
110 ,0.03709921101225449,0.0005036091992613732,0.07738794695316434,0.009232835319791842,0.018633540372670808,0.08443847574282357,0.03390968608359913,0.009904314252140339,0.02417324156454591,0.03676347154608024,0.0010072183985227463,0.1789491354708746,0.0028537854624811148,0.010911532650663086,0.01527614571092832,0.14571092831962398,0.03609199261373174,0.009064965586704717,0.03911364780929998,0.19875776397515527,0.030216551955682392
111 ,0.009064965586704717,0.0,0.03458116501594762,0.07335907335907337,0.0068826590565721005,0.04616417659895921,0.05338257512170556,0.011079402383750209,0.012925969447708578,0.00805774718818197,0.0018465670639583682,0.1383246600637905,0.009736444519053214,0.04549269766661071,0.03474903474903475,0.34665099882491185,0.09350344132952829,0.005875440658049354,0.0043646130602652345,0.027698505959375525,0.03625986234681887
112 ,0.003021655195568239,0.0015108275977841195,0.0016786973308712439,0.0,0.0023501762632197414,0.003861003861003861,0.00016786973308712439,0.0023501762632197414,0.0,0.007050528789659225,0.00033573946617424877,0.003021655195568239,0.0010072183985227463,0.0,0.001342957864696995,0.02534832969615578,0.020815846902803425,0.0043646130602652345,0.028873594090985395,0.01796206144032231,0.8749370488500924
113 ,0.0021823065301326172,0.0,0.0,0.0,0.0,0.0008393486654356219,0.0,0.0008393486654356219,0.0,0.00016786973308712439,0.0,0.0006714789323484975,0.0,0.0,0.0018465670639583682,0.007218398522746349,0.0006714789323484975,0.0023501762632197414,0.0,0.0020144367970454926,0.981198589894242
114 ,0.00033573946617424877,0.0,0.0,0.0,0.0,0.0,0.0,0.0005036091992613732,0.0,0.0,0.0,0.0,0.0,0.0,0.0,0.0015108275977841195,0.0008393486654356219,0.0,0.0,0.0,0.9968104750713447
115 ,0.0,0.0,0.0,0.0,0.0,0.0,0.0,0.0,0.0,0.0,0.0,0.0,0.0,0.0,0.0,0.0,0.0,0.0,0.0,0.0,1.0
116 ,0.0,0.0,0.0,0.0,0.0,0.0,0.0,0.0,0.0,0.0,0.0,0.0,0.0,0.0,0.0,0.0,0.0,0.0,0.0,0.0,1.0
117 ,0.0,0.0,0.0,0.0,0.0,0.0,0.0,0.0,0.0,0.0,0.0,0.0,0.0,0.0,0.0,0.0,0.0,0.0,0.0,0.0,1.0
118 ,0.0,0.0,0.0,0.0,0.0,0.0,0.0,0.0,0.0,0.0,0.0,0.0,0.0,0.0,0.0,0.0,0.0,0.0,0.0,0.0,1.0
119 ,0.0,0.0,0.0,0.0,0.0,0.0,0.0,0.0,0.0,0.0,0.0,0.0,0.0,0.0,0.0,0.0,0.0,0.0,0.0,0.0,1.0
120 ,0.0,0.0,0.0,0.0,0.0,0.0,0.0,0.0,0.0,0.0,0.0,0.0,0.0,0.0,0.0,0.0,0.0,0.0,0.0,0.0,1.0
121 ,0.0,0.0,0.0,0.0,0.0,0.0,0.0,0.0,0.0,0.0,0.0,0.0,0.0,0.0,0.0,0.0,0.0,0.0,0.0,0.0,1.0
122 ,0.0,0.0,0.0,0.0,0.0,0.0,0.0,0.0,0.0,0.0,0.0,0.0,0.0,0.0,0.0,0.0,0.0,0.0,0.0,0.0,1.0
123 ,0.0,0.0,0.0,0.0,0.0,0.0,0.0,0.0,0.0,0.0,0.0,0.0,0.0,0.0,0.0,0.0,0.0,0.0,0.0,0.0,1.0
124 ,0.0,0.0,0.0,0.0,0.0,0.0,0.0,0.0,0.0,0.0,0.0,0.0,0.0,0.0,0.0,0.0,0.0,0.0,0.0,0.0,1.0
125 ,0.0,0.0,0.0,0.0,0.0,0.0,0.0,0.0,0.0,0.0,0.0,0.0,0.0,0.0,0.0,0.0,0.0,0.0,0.0,0.0,1.0
126 ,0.0,0.0,0.0,0.0,0.0,0.0,0.0,0.0,0.0,0.0,0.0,0.0,0.0,0.0,0.0,0.0,0.0,0.0,0.0,0.0,1.0
127 ,0.0,0.0,0.0,0.0,0.0,0.0,0.0,0.0,0.0,0.0,0.0,0.0,0.0,0.0,0.0,0.0,0.0,0.0,0.0,0.0,1.0
128 ,0.0,0.0,0.0,0.0,0.0,0.0,0.0,0.0,0.0,0.0,0.0,0.0,0.0,0.0,0.0,0.0,0.0,0.0,0.0,0.0,1.0
129 ,0.0,0.0,0.0,0.0,0.0,0.0,0.0,0.0,0.0,0.0,0.0,0.0,0.0,0.0,0.0,0.0,0.0,0.0,0.0,0.0,1.0
130 ,0.0,0.0,0.0,0.0,0.0,0.0,0.0,0.0,0.0,0.0,0.0,0.0,0.0,0.0,0.0,0.0,0.0,0.0,0.0,0.0,1.0
131 ,0.0,0.0,0.0,0.0,0.0,0.0,0.0,0.0,0.0,0.0,0.0,0.0,0.0,0.0,0.0,0.0,0.0,0.0,0.0,0.0,1.0
132 ,0.0,0.0,0.0,0.0,0.0,0.0021823065301326172,0.0,0.0,0.0,0.0,0.0,0.0,0.0,0.0,0.0,0.0,0.0,0.0,0.0,0.0,0.9978176934698674
133 ,0.0008393486654356219,0.0,0.001342957864696995,0.0,0.0,0.0011750881316098707,0.0,0.0005036091992613732,0.00016786973308712439,0.0,0.0,0.00016786973308712439,0.0,0.0,0.0010072183985227463,0.0015108275977841195,0.0006714789323484975,0.0,0.0,0.0,0.9926137317441666
134 ,0.0006714789323484975,0.0,0.0057075709249622296,0.0,0.0,0.0020144367970454926,0.0,0.00033573946617424877,0.0,0.0006714789323484975,0.00033573946617424877,0.0021823065301326172,0.01729058250797381,0.0,0.0008393486654356219,0.01074366291757596,0.0010072183985227463,0.0,0.00033573946617424877,0.004532482793352359,0.9533322142017794
135 ,0.018129931173409435,0.0,0.031055900621118012,0.0033573946617424877,0.056739969783448044,0.004196743327178109,0.02635554809467853,0.02434111129763304,0.0010072183985227463,0.106597280510324,0.0006714789323484975,0.020480107436629175,0.07738794695316434,0.001342957864696995,0.008225616921269096,0.11381567903307034,0.11431928823233171,0.05623636058418667,0.0819204297465167,0.14084270606009736,0.11297633036763471
136 ,0.015611885177102568,0.0023501762632197414,0.00805774718818197,0.0035252643948296123,0.00537183145878798,0.01225449051536008,0.0010072183985227463,0.0043646130602652345,0.0016786973308712439,0.06563706563706563,0.006043310391136478,0.00268591572939399,0.7374517374517374,0.004196743327178109,0.018297800906496558,0.04364613060265234,0.012422360248447204,0.005203961725700856,0.0033573946617424877,0.014436797045492698,0.03239885848581501
137 ,0.007889877455094847,0.0028537854624811148,0.0008393486654356219,0.022326674500587545,0.10726875944267249,0.010575793184488837,0.010407923451401712,0.04599630686587208,0.0043646130602652345,0.17458452241060937,0.0008393486654356219,0.01225449051536008,0.09400705052878966,0.02148732583515192,0.09585361759274803,0.014604666778579823,0.019640758771193555,0.017122712774886688,0.12607016954843042,0.20748699009568575,0.0035252643948296123
138 ,0.01796206144032231,0.0,0.0005036091992613732,0.0018465670639583682,0.017794191707235184,0.004028873594090985,0.00033573946617424877,0.005875440658049354,0.00016786973308712439,0.0008393486654356219,0.0006714789323484975,0.002518045996306866,0.002518045996306866,0.0,0.0043646130602652345,0.018465670639583685,0.915057915057915,0.00537183145878798,0.00016786973308712439,0.00033573946617424877,0.0011750881316098707
139 ,0.0,0.0,0.0,0.0,0.9917743830787309,0.0,0.0,0.0011750881316098707,0.0,0.0015108275977841195,0.0,0.0,0.0,0.0,0.0,0.0011750881316098707,0.0,0.0010072183985227463,0.0,0.0006714789323484975,0.00268591572939399
140 ,0.0006714789323484975,0.0,0.0,0.00033573946617424877,0.0,0.9941245593419507,0.0,0.0,0.0,0.0,0.0,0.0,0.0,0.0,0.0,0.00016786973308712439,0.0,0.0020144367970454926,0.0,0.0,0.00268591572939399
141 ,0.09199261373174417,0.00016786973308712439,0.0015108275977841195,0.0,0.0,0.39197582675843545,0.0,0.0,0.0006714789323484975,0.0068826590565721005,0.0,0.0,0.05170387779083431,0.39482961222091656,0.004196743327178109,0.0495215712607017,0.0016786973308712439,0.0006714789323484975,0.0008393486654356219,0.0,0.0033573946617424877
142 ,0.0,0.0,0.0,0.0,0.0,0.9971462145375188,0.0,0.0,0.0,0.0,0.0,0.0,0.0,0.0,0.0,0.0,0.0,0.0,0.0,0.0,0.0028537854624811148
143 ,0.004196743327178109,0.0,0.0008393486654356219,0.0,0.0,0.0,0.0,0.0,0.0,0.0,0.0,0.0,0.0,0.0,0.0,0.005203961725700856,0.9865704213530301,0.0,0.0,0.0,0.0031895249286553636
144 ,0.0008393486654356219,0.0,0.0,0.02031223770354205,0.0,0.0,0.0,0.0,0.8986066812153769,0.0,0.0006714789323484975,0.0057075709249622296,0.0,0.0021823065301326172,0.06160819204297465,0.0,0.003021655195568239,0.0006714789323484975,0.00016786973308712439,0.00016786973308712439,0.006043310391136478
145 ,0.0021823065301326172,0.0,0.0,0.0,0.0,0.0,0.0,0.001342957864696995,0.0,0.5529629007889878,0.0,0.0,0.0,0.0,0.0,0.0,0.0,0.4361255665603492,0.0,0.0,0.007386268255833473
146 ,0.0011750881316098707,0.0,0.07302333389289911,0.8787980527110962,0.0,0.00016786973308712439,0.0,0.0,0.0008393486654356219,0.0,0.00016786973308712439,0.00033573946617424877,0.0,0.01225449051536008,0.00033573946617424877,0.0,0.00033573946617424877,0.015444015444015444,0.0,0.0,0.017122712774886688
147 ,0.00016786973308712439,0.0,0.0,0.0,0.004868222259526607,0.0,0.0,0.802920933355716,0.0006714789323484975,0.10038610038610038,0.007722007722007722,0.0,0.0005036091992613732,0.00016786973308712439,0.0016786973308712439,0.0018465670639583682,0.0011750881316098707,0.04868222259526608,0.0,0.0,0.029209333557159645
148 ,0.001342957864696995,0.0,0.0067147893234849754,0.0036931341279167365,0.0,0.0008393486654356219,0.004532482793352359,0.0023501762632197414,0.8422024508981031,0.023837502098371665,0.00033573946617424877,0.006043310391136478,0.00016786973308712439,0.00033573946617424877,0.02266241396676179,0.0011750881316098707,0.007050528789659225,0.00033573946617424877,0.0,0.0,0.07638072855464159
149 ,0.0055397011918751045,0.0,0.00033573946617424877,0.0008393486654356219,0.0,0.013933187846231324,0.0,0.0055397011918751045,0.0033573946617424877,0.0015108275977841195,0.00033573946617424877,0.0,0.0,0.0,0.7685076380728555,0.00268591572939399,0.004700352526439483,0.0006714789323484975,0.0,0.00016786973308712439,0.19187510491858317
